Issue ID,Description,State,Severity,Story Points,Project Path,Location Kind,Path,Line,Column,Incident ID,Help Link,Assembly Name,Assembly Version,Assembly Public Key,Snippet
NuGet.0002,NuGet package upgrade is recommended,Active,Potential,1,MyScoreBoard/MyScoreBoard.csproj,File,MyScoreBoard/MyScoreBoard.csproj,,,Microsoft.AspNetCore.Components.WebAssembly 9.0.6,,,,,"Microsoft.AspNetCore.Components.WebAssembly, 9.0.6  Recommendation:  Remove Microsoft.AspNetCore.Components.WebAssembly, and replace with new package Microsoft.AspNetCore.Components.WebAssembly 10.0.1"
NuGet.0002,NuGet package upgrade is recommended,Active,Potential,1,MyScoreBoard/MyScoreBoard.csproj,File,MyScoreBoard/MyScoreBoard.csproj,,,Microsoft.AspNetCore.Components.WebAssembly.DevServer 9.0.6,,,,,"Microsoft.AspNetCore.Components.WebAssembly.DevServer, 9.0.6  Recommendation:  Remove Microsoft.AspNetCore.Components.WebAssembly.DevServer, and replace with new package Microsoft.AspNetCore.Components.WebAssembly.DevServer 10.0.1"
Project.0002,Project's target framework(s) needs to be changed,Active,Mandatory,1,MyScoreBoard/MyScoreBoard.csproj,File,MyScoreBoard/MyScoreBoard.csproj,,,,,,,,Current target framework: net9.0 Recommended target framework: net10.0
Api.0003,Behavioral change in selected .NET version,Active,Potential,1,MyScoreBoard/MyScoreBoard.csproj,File,MyScoreBoard/Program.cs,10,0,T:System.Uri,,,,,builder.Services.AddScoped(sp => new HttpClient { BaseAddress = new Uri(builder.HostEnvironment.BaseAddress) });
Api.0003,Behavioral change in selected .NET version,Active,Potential,1,MyScoreBoard/MyScoreBoard.csproj,File,MyScoreBoard/Program.cs,10,0,M:System.Uri.#ctor(System.String),,,,,builder.Services.AddScoped(sp => new HttpClient { BaseAddress = new Uri(builder.HostEnvironment.BaseAddress) });
Api.0003,Behavioral change in selected .NET version,Active,Potential,1,MyScoreBoard/MyScoreBoard.csproj,File,MyScoreBoard/Program.cs,10,0,T:System.Uri,,,,,builder.Services.AddScoped(sp => new HttpClient { BaseAddress = new Uri(builder.HostEnvironment.BaseAddress) });
NuGet.0002,NuGet package upgrade is recommended,Active,Potential,1,MyScoreBoardMaui/MyScoreBoardMaui.csproj,File,MyScoreBoardMaui/MyScoreBoardMaui.csproj,,,Microsoft.Extensions.Logging.Debug 9.0.0,,,,,"Microsoft.Extensions.Logging.Debug, 9.0.0  Recommendation:  Remove Microsoft.Extensions.Logging.Debug, and replace with new package Microsoft.Extensions.Logging.Debug 10.0.1"
Project.0002,Project's target framework(s) needs to be changed,Active,Mandatory,1,MyScoreBoardMaui/MyScoreBoardMaui.csproj,File,MyScoreBoardMaui/MyScoreBoardMaui.csproj,,,,,,,,Current target framework: net9.0-android;net9.0-ios;net9.0-maccatalyst Recommended target framework: net9.0-android;net9.0-ios;net9.0-maccatalyst;net10.0-ios;net10.0-android;net10.0-maccatalyst
Api.0002,Source incompatible for selected .NET version,Active,Potential,1,MyScoreBoardMaui/MyScoreBoardMaui.csproj,File,MyScoreBoardMaui/obj/Debug/net9.0-android/Microsoft.Maui.Controls.BindingSourceGen/Microsoft.Maui.Controls.BindingSourceGen.BindingSourceGenerator/GeneratedBindingInterceptorsCommon.g.cs,24,2,T:Microsoft.Maui.Controls.BindingMode,,,,,private static bool ShouldUseSetter(BindingMode mode)
Api.0002,Source incompatible for selected .NET version,Active,Potential,1,MyScoreBoardMaui/MyScoreBoardMaui.csproj,File,MyScoreBoardMaui/obj/Debug/net9.0-android/Microsoft.Maui.Controls.BindingSourceGen/Microsoft.Maui.Controls.BindingSourceGen.BindingSourceGenerator/GeneratedBindingInterceptorsCommon.g.cs,27,15,T:Microsoft.Maui.Controls.BindingMode,,,,,BindingMode.Default
Api.0002,Source incompatible for selected .NET version,Active,Potential,1,MyScoreBoardMaui/MyScoreBoardMaui.csproj,File,MyScoreBoardMaui/obj/Debug/net9.0-android/Microsoft.Maui.Controls.BindingSourceGen/Microsoft.Maui.Controls.BindingSourceGen.BindingSourceGenerator/GeneratedBindingInterceptorsCommon.g.cs,27,15,T:Microsoft.Maui.Controls.BindingMode,,,,,BindingMode.Default
Api.0002,Source incompatible for selected .NET version,Active,Potential,1,MyScoreBoardMaui/MyScoreBoardMaui.csproj,File,MyScoreBoardMaui/obj/Debug/net9.0-android/Microsoft.Maui.Controls.BindingSourceGen/Microsoft.Maui.Controls.BindingSourceGen.BindingSourceGenerator/GeneratedBindingInterceptorsCommon.g.cs,27,15,F:Microsoft.Maui.Controls.BindingMode.Default,,,,,BindingMode.Default
Api.0002,Source incompatible for selected .NET version,Active,Potential,1,MyScoreBoardMaui/MyScoreBoardMaui.csproj,File,MyScoreBoardMaui/obj/Debug/net9.0-android/Microsoft.Maui.Controls.BindingSourceGen/Microsoft.Maui.Controls.BindingSourceGen.BindingSourceGenerator/GeneratedBindingInterceptorsCommon.g.cs,26,15,T:Microsoft.Maui.Controls.BindingMode,,,,,BindingMode.TwoWay
Api.0002,Source incompatible for selected .NET version,Active,Potential,1,MyScoreBoardMaui/MyScoreBoardMaui.csproj,File,MyScoreBoardMaui/obj/Debug/net9.0-android/Microsoft.Maui.Controls.BindingSourceGen/Microsoft.Maui.Controls.BindingSourceGen.BindingSourceGenerator/GeneratedBindingInterceptorsCommon.g.cs,26,15,T:Microsoft.Maui.Controls.BindingMode,,,,,BindingMode.TwoWay
Api.0002,Source incompatible for selected .NET version,Active,Potential,1,MyScoreBoardMaui/MyScoreBoardMaui.csproj,File,MyScoreBoardMaui/obj/Debug/net9.0-android/Microsoft.Maui.Controls.BindingSourceGen/Microsoft.Maui.Controls.BindingSourceGen.BindingSourceGenerator/GeneratedBindingInterceptorsCommon.g.cs,26,15,F:Microsoft.Maui.Controls.BindingMode.TwoWay,,,,,BindingMode.TwoWay
Api.0002,Source incompatible for selected .NET version,Active,Potential,1,MyScoreBoardMaui/MyScoreBoardMaui.csproj,File,MyScoreBoardMaui/obj/Debug/net9.0-android/Microsoft.Maui.Controls.BindingSourceGen/Microsoft.Maui.Controls.BindingSourceGen.BindingSourceGenerator/GeneratedBindingInterceptorsCommon.g.cs,25,14,T:Microsoft.Maui.Controls.BindingMode,,,,,BindingMode.OneWayToSource
Api.0002,Source incompatible for selected .NET version,Active,Potential,1,MyScoreBoardMaui/MyScoreBoardMaui.csproj,File,MyScoreBoardMaui/obj/Debug/net9.0-android/Microsoft.Maui.Controls.BindingSourceGen/Microsoft.Maui.Controls.BindingSourceGen.BindingSourceGenerator/GeneratedBindingInterceptorsCommon.g.cs,25,14,T:Microsoft.Maui.Controls.BindingMode,,,,,BindingMode.OneWayToSource
Api.0002,Source incompatible for selected .NET version,Active,Potential,1,MyScoreBoardMaui/MyScoreBoardMaui.csproj,File,MyScoreBoardMaui/obj/Debug/net9.0-android/Microsoft.Maui.Controls.BindingSourceGen/Microsoft.Maui.Controls.BindingSourceGen.BindingSourceGenerator/GeneratedBindingInterceptorsCommon.g.cs,25,14,F:Microsoft.Maui.Controls.BindingMode.OneWayToSource,,,,,BindingMode.OneWayToSource
Api.0002,Source incompatible for selected .NET version,Active,Potential,1,MyScoreBoardMaui/MyScoreBoardMaui.csproj,File,MyScoreBoardMaui/obj/Debug/net9.0-android/Microsoft.Maui.Controls.BindingSourceGen/Microsoft.Maui.Controls.BindingSourceGen.BindingSourceGenerator/GeneratedBindingInterceptorsCommon.g.cs,17,2,T:Microsoft.Maui.Controls.BindableProperty,,,,,"private static bool ShouldUseSetter(BindingMode mode, BindableProperty bindableProperty)"
Api.0002,Source incompatible for selected .NET version,Active,Potential,1,MyScoreBoardMaui/MyScoreBoardMaui.csproj,File,MyScoreBoardMaui/obj/Debug/net9.0-android/Microsoft.Maui.Controls.BindingSourceGen/Microsoft.Maui.Controls.BindingSourceGen.BindingSourceGenerator/GeneratedBindingInterceptorsCommon.g.cs,17,2,T:Microsoft.Maui.Controls.BindingMode,,,,,"private static bool ShouldUseSetter(BindingMode mode, BindableProperty bindableProperty)"
Api.0002,Source incompatible for selected .NET version,Active,Potential,1,MyScoreBoardMaui/MyScoreBoardMaui.csproj,File,MyScoreBoardMaui/obj/Debug/net9.0-android/Microsoft.Maui.Controls.BindingSourceGen/Microsoft.Maui.Controls.BindingSourceGen.BindingSourceGenerator/GeneratedBindingInterceptorsCommon.g.cs,22,48,T:Microsoft.Maui.Controls.BindingMode,,,,,BindingMode.TwoWay
Api.0002,Source incompatible for selected .NET version,Active,Potential,1,MyScoreBoardMaui/MyScoreBoardMaui.csproj,File,MyScoreBoardMaui/obj/Debug/net9.0-android/Microsoft.Maui.Controls.BindingSourceGen/Microsoft.Maui.Controls.BindingSourceGen.BindingSourceGenerator/GeneratedBindingInterceptorsCommon.g.cs,22,48,T:Microsoft.Maui.Controls.BindingMode,,,,,BindingMode.TwoWay
Api.0002,Source incompatible for selected .NET version,Active,Potential,1,MyScoreBoardMaui/MyScoreBoardMaui.csproj,File,MyScoreBoardMaui/obj/Debug/net9.0-android/Microsoft.Maui.Controls.BindingSourceGen/Microsoft.Maui.Controls.BindingSourceGen.BindingSourceGenerator/GeneratedBindingInterceptorsCommon.g.cs,22,48,F:Microsoft.Maui.Controls.BindingMode.TwoWay,,,,,BindingMode.TwoWay
Api.0002,Source incompatible for selected .NET version,Active,Potential,1,MyScoreBoardMaui/MyScoreBoardMaui.csproj,File,MyScoreBoardMaui/obj/Debug/net9.0-android/Microsoft.Maui.Controls.BindingSourceGen/Microsoft.Maui.Controls.BindingSourceGen.BindingSourceGenerator/GeneratedBindingInterceptorsCommon.g.cs,22,9,T:Microsoft.Maui.Controls.BindingMode,,,,,bindableProperty.DefaultBindingMode
Api.0002,Source incompatible for selected .NET version,Active,Potential,1,MyScoreBoardMaui/MyScoreBoardMaui.csproj,File,MyScoreBoardMaui/obj/Debug/net9.0-android/Microsoft.Maui.Controls.BindingSourceGen/Microsoft.Maui.Controls.BindingSourceGen.BindingSourceGenerator/GeneratedBindingInterceptorsCommon.g.cs,22,9,P:Microsoft.Maui.Controls.BindableProperty.DefaultBindingMode,,,,,bindableProperty.DefaultBindingMode
Api.0002,Source incompatible for selected .NET version,Active,Potential,1,MyScoreBoardMaui/MyScoreBoardMaui.csproj,File,MyScoreBoardMaui/obj/Debug/net9.0-android/Microsoft.Maui.Controls.BindingSourceGen/Microsoft.Maui.Controls.BindingSourceGen.BindingSourceGenerator/GeneratedBindingInterceptorsCommon.g.cs,21,48,T:Microsoft.Maui.Controls.BindingMode,,,,,BindingMode.OneWayToSource
Api.0002,Source incompatible for selected .NET version,Active,Potential,1,MyScoreBoardMaui/MyScoreBoardMaui.csproj,File,MyScoreBoardMaui/obj/Debug/net9.0-android/Microsoft.Maui.Controls.BindingSourceGen/Microsoft.Maui.Controls.BindingSourceGen.BindingSourceGenerator/GeneratedBindingInterceptorsCommon.g.cs,21,48,T:Microsoft.Maui.Controls.BindingMode,,,,,BindingMode.OneWayToSource
Api.0002,Source incompatible for selected .NET version,Active,Potential,1,MyScoreBoardMaui/MyScoreBoardMaui.csproj,File,MyScoreBoardMaui/obj/Debug/net9.0-android/Microsoft.Maui.Controls.BindingSourceGen/Microsoft.Maui.Controls.BindingSourceGen.BindingSourceGenerator/GeneratedBindingInterceptorsCommon.g.cs,21,48,F:Microsoft.Maui.Controls.BindingMode.OneWayToSource,,,,,BindingMode.OneWayToSource
Api.0002,Source incompatible for selected .NET version,Active,Potential,1,MyScoreBoardMaui/MyScoreBoardMaui.csproj,File,MyScoreBoardMaui/obj/Debug/net9.0-android/Microsoft.Maui.Controls.BindingSourceGen/Microsoft.Maui.Controls.BindingSourceGen.BindingSourceGenerator/GeneratedBindingInterceptorsCommon.g.cs,21,9,T:Microsoft.Maui.Controls.BindingMode,,,,,bindableProperty.DefaultBindingMode
Api.0002,Source incompatible for selected .NET version,Active,Potential,1,MyScoreBoardMaui/MyScoreBoardMaui.csproj,File,MyScoreBoardMaui/obj/Debug/net9.0-android/Microsoft.Maui.Controls.BindingSourceGen/Microsoft.Maui.Controls.BindingSourceGen.BindingSourceGenerator/GeneratedBindingInterceptorsCommon.g.cs,21,9,P:Microsoft.Maui.Controls.BindableProperty.DefaultBindingMode,,,,,bindableProperty.DefaultBindingMode
Api.0002,Source incompatible for selected .NET version,Active,Potential,1,MyScoreBoardMaui/MyScoreBoardMaui.csproj,File,MyScoreBoardMaui/obj/Debug/net9.0-android/Microsoft.Maui.Controls.BindingSourceGen/Microsoft.Maui.Controls.BindingSourceGen.BindingSourceGenerator/GeneratedBindingInterceptorsCommon.g.cs,20,16,T:Microsoft.Maui.Controls.BindingMode,,,,,BindingMode.Default
Api.0002,Source incompatible for selected .NET version,Active,Potential,1,MyScoreBoardMaui/MyScoreBoardMaui.csproj,File,MyScoreBoardMaui/obj/Debug/net9.0-android/Microsoft.Maui.Controls.BindingSourceGen/Microsoft.Maui.Controls.BindingSourceGen.BindingSourceGenerator/GeneratedBindingInterceptorsCommon.g.cs,20,16,T:Microsoft.Maui.Controls.BindingMode,,,,,BindingMode.Default
Api.0002,Source incompatible for selected .NET version,Active,Potential,1,MyScoreBoardMaui/MyScoreBoardMaui.csproj,File,MyScoreBoardMaui/obj/Debug/net9.0-android/Microsoft.Maui.Controls.BindingSourceGen/Microsoft.Maui.Controls.BindingSourceGen.BindingSourceGenerator/GeneratedBindingInterceptorsCommon.g.cs,20,16,F:Microsoft.Maui.Controls.BindingMode.Default,,,,,BindingMode.Default
Api.0002,Source incompatible for selected .NET version,Active,Potential,1,MyScoreBoardMaui/MyScoreBoardMaui.csproj,File,MyScoreBoardMaui/obj/Debug/net9.0-android/Microsoft.Maui.Controls.BindingSourceGen/Microsoft.Maui.Controls.BindingSourceGen.BindingSourceGenerator/GeneratedBindingInterceptorsCommon.g.cs,19,15,T:Microsoft.Maui.Controls.BindingMode,,,,,BindingMode.TwoWay
Api.0002,Source incompatible for selected .NET version,Active,Potential,1,MyScoreBoardMaui/MyScoreBoardMaui.csproj,File,MyScoreBoardMaui/obj/Debug/net9.0-android/Microsoft.Maui.Controls.BindingSourceGen/Microsoft.Maui.Controls.BindingSourceGen.BindingSourceGenerator/GeneratedBindingInterceptorsCommon.g.cs,19,15,T:Microsoft.Maui.Controls.BindingMode,,,,,BindingMode.TwoWay
Api.0002,Source incompatible for selected .NET version,Active,Potential,1,MyScoreBoardMaui/MyScoreBoardMaui.csproj,File,MyScoreBoardMaui/obj/Debug/net9.0-android/Microsoft.Maui.Controls.BindingSourceGen/Microsoft.Maui.Controls.BindingSourceGen.BindingSourceGenerator/GeneratedBindingInterceptorsCommon.g.cs,19,15,F:Microsoft.Maui.Controls.BindingMode.TwoWay,,,,,BindingMode.TwoWay
Api.0002,Source incompatible for selected .NET version,Active,Potential,1,MyScoreBoardMaui/MyScoreBoardMaui.csproj,File,MyScoreBoardMaui/obj/Debug/net9.0-android/Microsoft.Maui.Controls.BindingSourceGen/Microsoft.Maui.Controls.BindingSourceGen.BindingSourceGenerator/GeneratedBindingInterceptorsCommon.g.cs,18,14,T:Microsoft.Maui.Controls.BindingMode,,,,,BindingMode.OneWayToSource
Api.0002,Source incompatible for selected .NET version,Active,Potential,1,MyScoreBoardMaui/MyScoreBoardMaui.csproj,File,MyScoreBoardMaui/obj/Debug/net9.0-android/Microsoft.Maui.Controls.BindingSourceGen/Microsoft.Maui.Controls.BindingSourceGen.BindingSourceGenerator/GeneratedBindingInterceptorsCommon.g.cs,18,14,T:Microsoft.Maui.Controls.BindingMode,,,,,BindingMode.OneWayToSource
Api.0002,Source incompatible for selected .NET version,Active,Potential,1,MyScoreBoardMaui/MyScoreBoardMaui.csproj,File,MyScoreBoardMaui/obj/Debug/net9.0-android/Microsoft.Maui.Controls.BindingSourceGen/Microsoft.Maui.Controls.BindingSourceGen.BindingSourceGenerator/GeneratedBindingInterceptorsCommon.g.cs,18,14,F:Microsoft.Maui.Controls.BindingMode.OneWayToSource,,,,,BindingMode.OneWayToSource
Api.0002,Source incompatible for selected .NET version,Active,Potential,1,MyScoreBoardMaui/MyScoreBoardMaui.csproj,File,MyScoreBoardMaui/Services/LocalStorageService.cs,72,12,T:Microsoft.Maui.Storage.Preferences,,,,,"Preferences.Set(""lastPlayers"", playersJson);"
Api.0002,Source incompatible for selected .NET version,Active,Potential,1,MyScoreBoardMaui/MyScoreBoardMaui.csproj,File,MyScoreBoardMaui/Services/LocalStorageService.cs,72,12,"M:Microsoft.Maui.Storage.Preferences.Set(System.String,System.String)",,,,,"Preferences.Set(""lastPlayers"", playersJson);"
Api.0002,Source incompatible for selected .NET version,Active,Potential,1,MyScoreBoardMaui/MyScoreBoardMaui.csproj,File,MyScoreBoardMaui/Services/LocalStorageService.cs,54,12,T:Microsoft.Maui.Storage.Preferences,,,,,"var playersJson = Preferences.Get(""lastPlayers"", string.Empty);"
Api.0002,Source incompatible for selected .NET version,Active,Potential,1,MyScoreBoardMaui/MyScoreBoardMaui.csproj,File,MyScoreBoardMaui/Services/LocalStorageService.cs,54,12,"M:Microsoft.Maui.Storage.Preferences.Get(System.String,System.String)",,,,,"var playersJson = Preferences.Get(""lastPlayers"", string.Empty);"
Api.0002,Source incompatible for selected .NET version,Active,Potential,1,MyScoreBoardMaui/MyScoreBoardMaui.csproj,File,MyScoreBoardMaui/Services/LocalStorageService.cs,46,8,T:Microsoft.Maui.Storage.Preferences,,,,,"Preferences.Set(""lastGameName"", gameName ?? string.Empty);"
Api.0002,Source incompatible for selected .NET version,Active,Potential,1,MyScoreBoardMaui/MyScoreBoardMaui.csproj,File,MyScoreBoardMaui/Services/LocalStorageService.cs,46,8,"M:Microsoft.Maui.Storage.Preferences.Set(System.String,System.String)",,,,,"Preferences.Set(""lastGameName"", gameName ?? string.Empty);"
Api.0002,Source incompatible for selected .NET version,Active,Potential,1,MyScoreBoardMaui/MyScoreBoardMaui.csproj,File,MyScoreBoardMaui/Services/LocalStorageService.cs,40,8,T:Microsoft.Maui.Storage.Preferences,,,,,"var value = Preferences.Get(""lastGameName"", string.Empty);"
Api.0002,Source incompatible for selected .NET version,Active,Potential,1,MyScoreBoardMaui/MyScoreBoardMaui.csproj,File,MyScoreBoardMaui/Services/LocalStorageService.cs,40,8,"M:Microsoft.Maui.Storage.Preferences.Get(System.String,System.String)",,,,,"var value = Preferences.Get(""lastGameName"", string.Empty);"
Api.0002,Source incompatible for selected .NET version,Active,Potential,1,MyScoreBoardMaui/MyScoreBoardMaui.csproj,File,MyScoreBoardMaui/Services/LocalStorageService.cs,34,8,T:Microsoft.Maui.Storage.Preferences,,,,,Preferences.Remove(key);
Api.0002,Source incompatible for selected .NET version,Active,Potential,1,MyScoreBoardMaui/MyScoreBoardMaui.csproj,File,MyScoreBoardMaui/Services/LocalStorageService.cs,34,8,M:Microsoft.Maui.Storage.Preferences.Remove(System.String),,,,,Preferences.Remove(key);
Api.0002,Source incompatible for selected .NET version,Active,Potential,1,MyScoreBoardMaui/MyScoreBoardMaui.csproj,File,MyScoreBoardMaui/Services/LocalStorageService.cs,28,8,T:Microsoft.Maui.Storage.Preferences,,,,,"Preferences.Set(key, value ?? string.Empty);"
Api.0002,Source incompatible for selected .NET version,Active,Potential,1,MyScoreBoardMaui/MyScoreBoardMaui.csproj,File,MyScoreBoardMaui/Services/LocalStorageService.cs,28,8,"M:Microsoft.Maui.Storage.Preferences.Set(System.String,System.String)",,,,,"Preferences.Set(key, value ?? string.Empty);"
Api.0002,Source incompatible for selected .NET version,Active,Potential,1,MyScoreBoardMaui/MyScoreBoardMaui.csproj,File,MyScoreBoardMaui/Services/LocalStorageService.cs,22,8,T:Microsoft.Maui.Storage.Preferences,,,,,"var value = Preferences.Get(key, string.Empty);"
Api.0002,Source incompatible for selected .NET version,Active,Potential,1,MyScoreBoardMaui/MyScoreBoardMaui.csproj,File,MyScoreBoardMaui/Services/LocalStorageService.cs,22,8,"M:Microsoft.Maui.Storage.Preferences.Get(System.String,System.String)",,,,,"var value = Preferences.Get(key, string.Empty);"
Api.0002,Source incompatible for selected .NET version,Active,Potential,1,MyScoreBoardMaui/MyScoreBoardMaui.csproj,File,MyScoreBoardMaui/Services/LocalStorageService.cs,16,8,T:Microsoft.Maui.Storage.Preferences,,,,,"Preferences.Set(""hasActiveGame"", hasActive);"
Api.0002,Source incompatible for selected .NET version,Active,Potential,1,MyScoreBoardMaui/MyScoreBoardMaui.csproj,File,MyScoreBoardMaui/Services/LocalStorageService.cs,16,8,"M:Microsoft.Maui.Storage.Preferences.Set(System.String,System.Boolean)",,,,,"Preferences.Set(""hasActiveGame"", hasActive);"
Api.0002,Source incompatible for selected .NET version,Active,Potential,1,MyScoreBoardMaui/MyScoreBoardMaui.csproj,File,MyScoreBoardMaui/Services/LocalStorageService.cs,10,8,T:Microsoft.Maui.Storage.Preferences,,,,,"var value = Preferences.Get(""hasActiveGame"", false);"
Api.0002,Source incompatible for selected .NET version,Active,Potential,1,MyScoreBoardMaui/MyScoreBoardMaui.csproj,File,MyScoreBoardMaui/Services/LocalStorageService.cs,10,8,"M:Microsoft.Maui.Storage.Preferences.Get(System.String,System.Boolean)",,,,,"var value = Preferences.Get(""hasActiveGame"", false);"
Api.0002,Source incompatible for selected .NET version,Active,Potential,1,MyScoreBoardMaui/MyScoreBoardMaui.csproj,File,MyScoreBoardMaui/Services/IndexedDbService.cs,17,8,T:Microsoft.Maui.Storage.FileSystem,,,,,var folder = FileSystem.AppDataDirectory;
Api.0002,Source incompatible for selected .NET version,Active,Potential,1,MyScoreBoardMaui/MyScoreBoardMaui.csproj,File,MyScoreBoardMaui/Services/IndexedDbService.cs,17,8,P:Microsoft.Maui.Storage.FileSystem.AppDataDirectory,,,,,var folder = FileSystem.AppDataDirectory;
Api.0002,Source incompatible for selected .NET version,Active,Potential,1,MyScoreBoardMaui/MyScoreBoardMaui.csproj,File,MyScoreBoardMaui/Services/IndexedDbService.cs,17,8,T:Microsoft.Maui.Storage.FileSystem,,,,,var folder = FileSystem.AppDataDirectory;
Api.0002,Source incompatible for selected .NET version,Active,Potential,1,MyScoreBoardMaui/MyScoreBoardMaui.csproj,File,MyScoreBoardMaui/Services/IndexedDbService.cs,17,8,P:Microsoft.Maui.Storage.FileSystem.AppDataDirectory,,,,,var folder = FileSystem.AppDataDirectory;
Api.0002,Source incompatible for selected .NET version,Active,Potential,1,MyScoreBoardMaui/MyScoreBoardMaui.csproj,File,MyScoreBoardMaui/Platforms/Android/MainApplication.cs,13,1,T:Microsoft.Maui.Hosting.MauiApp,,,,,protected override MauiApp CreateMauiApp()
Api.0002,Source incompatible for selected .NET version,Active,Potential,1,MyScoreBoardMaui/MyScoreBoardMaui.csproj,File,MyScoreBoardMaui/Platforms/Android/MainApplication.cs,13,47,T:Microsoft.Maui.Hosting.MauiApp,,,,,MauiProgram.CreateMauiApp()
Api.0001,Binary incompatible for selected .NET version,Active,Mandatory,1,MyScoreBoardMaui/MyScoreBoardMaui.csproj,File,MyScoreBoardMaui/Platforms/Android/MainApplication.cs,9,2,"M:Microsoft.Maui.MauiApplication.#ctor(System.IntPtr,Android.Runtime.JniHandleOwnership)",,,,,": base(handle, ownership)"
Api.0001,Binary incompatible for selected .NET version,Active,Mandatory,1,MyScoreBoardMaui/MyScoreBoardMaui.csproj,File,MyScoreBoardMaui/Platforms/Android/MainApplication.cs,9,2,"M:Microsoft.Maui.MauiApplication.#ctor(System.IntPtr,Android.Runtime.JniHandleOwnership)",,,,,": base(handle, ownership)"
Api.0001,Binary incompatible for selected .NET version,Active,Mandatory,1,MyScoreBoardMaui/MyScoreBoardMaui.csproj,File,MyScoreBoardMaui/Platforms/Android/MainApplication.cs,6,31,T:Microsoft.Maui.MauiApplication,,,,,MauiApplication
Api.0001,Binary incompatible for selected .NET version,Active,Mandatory,1,MyScoreBoardMaui/MyScoreBoardMaui.csproj,File,MyScoreBoardMaui/Platforms/Android/MainActivity.cs,7,28,M:Microsoft.Maui.MauiAppCompatActivity.#ctor,,,,,MauiAppCompatActivity
Api.0001,Binary incompatible for selected .NET version,Active,Mandatory,1,MyScoreBoardMaui/MyScoreBoardMaui.csproj,File,MyScoreBoardMaui/Platforms/Android/MainActivity.cs,7,28,T:Microsoft.Maui.MauiAppCompatActivity,,,,,MauiAppCompatActivity
Api.0002,Source incompatible for selected .NET version,Active,Potential,1,MyScoreBoardMaui/MyScoreBoardMaui.csproj,File,MyScoreBoardMaui/MauiProgram.cs,8,1,T:Microsoft.Maui.Hosting.MauiApp,,,,,public static MauiApp CreateMauiApp()
Api.0002,Source incompatible for selected .NET version,Active,Potential,1,MyScoreBoardMaui/MyScoreBoardMaui.csproj,File,MyScoreBoardMaui/MauiProgram.cs,36,2,T:Microsoft.Maui.Hosting.MauiApp,,,,,return builder.Build();
Api.0002,Source incompatible for selected .NET version,Active,Potential,1,MyScoreBoardMaui/MyScoreBoardMaui.csproj,File,MyScoreBoardMaui/MauiProgram.cs,36,2,M:Microsoft.Maui.Hosting.MauiAppBuilder.Build,,,,,return builder.Build();
Api.0002,Source incompatible for selected .NET version,Active,Potential,1,MyScoreBoardMaui/MyScoreBoardMaui.csproj,File,MyScoreBoardMaui/MauiProgram.cs,33,2,P:Microsoft.Maui.Hosting.MauiAppBuilder.Logging,,,,,builder.Logging.AddDebug();
Api.0002,Source incompatible for selected .NET version,Active,Potential,1,MyScoreBoardMaui/MyScoreBoardMaui.csproj,File,MyScoreBoardMaui/MauiProgram.cs,32,2,P:Microsoft.Maui.Hosting.MauiAppBuilder.Services,,,,,builder.Services.AddBlazorWebViewDeveloperTools();
Api.0002,Source incompatible for selected .NET version,Active,Potential,1,MyScoreBoardMaui/MyScoreBoardMaui.csproj,File,MyScoreBoardMaui/MauiProgram.cs,29,2,P:Microsoft.Maui.Hosting.MauiAppBuilder.Services,,,,,"builder.Services.AddSingleton<IPlatformService, PlatformService>();"
Api.0002,Source incompatible for selected .NET version,Active,Potential,1,MyScoreBoardMaui/MyScoreBoardMaui.csproj,File,MyScoreBoardMaui/MauiProgram.cs,26,2,P:Microsoft.Maui.Hosting.MauiAppBuilder.Services,,,,,"builder.Services.AddSingleton<IIndexedDbService, IndexedDbService>();"
Api.0002,Source incompatible for selected .NET version,Active,Potential,1,MyScoreBoardMaui/MyScoreBoardMaui.csproj,File,MyScoreBoardMaui/MauiProgram.cs,23,2,P:Microsoft.Maui.Hosting.MauiAppBuilder.Services,,,,,"builder.Services.AddSingleton<ILocalStorageService, LocalStorageService>();"
Api.0002,Source incompatible for selected .NET version,Active,Potential,1,MyScoreBoardMaui/MyScoreBoardMaui.csproj,File,MyScoreBoardMaui/MauiProgram.cs,20,2,P:Microsoft.Maui.Hosting.MauiAppBuilder.Services,,,,,"builder.Services.AddSingleton<IGameService, GameService>();"
Api.0002,Source incompatible for selected .NET version,Active,Potential,1,MyScoreBoardMaui/MyScoreBoardMaui.csproj,File,MyScoreBoardMaui/MauiProgram.cs,18,2,P:Microsoft.Maui.Hosting.MauiAppBuilder.Services,,,,,builder.Services.AddMauiBlazorWebView();
Api.0002,Source incompatible for selected .NET version,Active,Potential,1,MyScoreBoardMaui/MyScoreBoardMaui.csproj,File,MyScoreBoardMaui/MauiProgram.cs,15,4,T:Microsoft.Maui.Hosting.FontCollectionExtensions,,,,,"fonts.AddFont(""OpenSans-Regular.ttf"", ""OpenSansRegular"");"
Api.0002,Source incompatible for selected .NET version,Active,Potential,1,MyScoreBoardMaui/MyScoreBoardMaui.csproj,File,MyScoreBoardMaui/MauiProgram.cs,15,4,T:Microsoft.Maui.Hosting.IFontCollection,,,,,"fonts.AddFont(""OpenSans-Regular.ttf"", ""OpenSansRegular"");"
Api.0002,Source incompatible for selected .NET version,Active,Potential,1,MyScoreBoardMaui/MyScoreBoardMaui.csproj,File,MyScoreBoardMaui/MauiProgram.cs,15,4,"M:Microsoft.Maui.Hosting.FontCollectionExtensions.AddFont(Microsoft.Maui.Hosting.IFontCollection,System.String,System.String)",,,,,"fonts.AddFont(""OpenSans-Regular.ttf"", ""OpenSansRegular"");"
Api.0002,Source incompatible for selected .NET version,Active,Potential,1,MyScoreBoardMaui/MyScoreBoardMaui.csproj,File,MyScoreBoardMaui/MauiProgram.cs,11,2,T:Microsoft.Maui.Controls.Hosting.AppHostBuilderExtensions,,,,,"builder  			.UseMauiApp<App>()  			.ConfigureFonts(fonts =>  			{  				fonts.AddFont(""OpenSans-Regular.ttf"", ""OpenSansRegular"");  			});"
Api.0002,Source incompatible for selected .NET version,Active,Potential,1,MyScoreBoardMaui/MyScoreBoardMaui.csproj,File,MyScoreBoardMaui/MauiProgram.cs,11,2,T:Microsoft.Maui.Hosting.MauiAppBuilder,,,,,"builder  			.UseMauiApp<App>()  			.ConfigureFonts(fonts =>  			{  				fonts.AddFont(""OpenSans-Regular.ttf"", ""OpenSansRegular"");  			});"
Api.0002,Source incompatible for selected .NET version,Active,Potential,1,MyScoreBoardMaui/MyScoreBoardMaui.csproj,File,MyScoreBoardMaui/MauiProgram.cs,11,2,M:Microsoft.Maui.Controls.Hosting.AppHostBuilderExtensions.UseMauiApp``1(Microsoft.Maui.Hosting.MauiAppBuilder),,,,,"builder  			.UseMauiApp<App>()  			.ConfigureFonts(fonts =>  			{  				fonts.AddFont(""OpenSans-Regular.ttf"", ""OpenSansRegular"");  			});"
Api.0002,Source incompatible for selected .NET version,Active,Potential,1,MyScoreBoardMaui/MyScoreBoardMaui.csproj,File,MyScoreBoardMaui/MauiProgram.cs,11,2,T:Microsoft.Maui.Hosting.FontsMauiAppBuilderExtensions,,,,,"builder  			.UseMauiApp<App>()  			.ConfigureFonts(fonts =>  			{  				fonts.AddFont(""OpenSans-Regular.ttf"", ""OpenSansRegular"");  			});"
Api.0002,Source incompatible for selected .NET version,Active,Potential,1,MyScoreBoardMaui/MyScoreBoardMaui.csproj,File,MyScoreBoardMaui/MauiProgram.cs,11,2,T:Microsoft.Maui.Hosting.MauiAppBuilder,,,,,"builder  			.UseMauiApp<App>()  			.ConfigureFonts(fonts =>  			{  				fonts.AddFont(""OpenSans-Regular.ttf"", ""OpenSansRegular"");  			});"
Api.0002,Source incompatible for selected .NET version,Active,Potential,1,MyScoreBoardMaui/MyScoreBoardMaui.csproj,File,MyScoreBoardMaui/MauiProgram.cs,11,2,"M:Microsoft.Maui.Hosting.FontsMauiAppBuilderExtensions.ConfigureFonts(Microsoft.Maui.Hosting.MauiAppBuilder,System.Action{Microsoft.Maui.Hosting.IFontCollection})",,,,,"builder  			.UseMauiApp<App>()  			.ConfigureFonts(fonts =>  			{  				fonts.AddFont(""OpenSans-Regular.ttf"", ""OpenSansRegular"");  			});"
Api.0002,Source incompatible for selected .NET version,Active,Potential,1,MyScoreBoardMaui/MyScoreBoardMaui.csproj,File,MyScoreBoardMaui/MauiProgram.cs,10,2,T:Microsoft.Maui.Hosting.MauiApp,,,,,var builder = MauiApp.CreateBuilder();
Api.0002,Source incompatible for selected .NET version,Active,Potential,1,MyScoreBoardMaui/MyScoreBoardMaui.csproj,File,MyScoreBoardMaui/MauiProgram.cs,10,2,T:Microsoft.Maui.Hosting.MauiAppBuilder,,,,,var builder = MauiApp.CreateBuilder();
Api.0002,Source incompatible for selected .NET version,Active,Potential,1,MyScoreBoardMaui/MyScoreBoardMaui.csproj,File,MyScoreBoardMaui/MauiProgram.cs,10,2,M:Microsoft.Maui.Hosting.MauiApp.CreateBuilder(System.Boolean),,,,,var builder = MauiApp.CreateBuilder();
Api.0002,Source incompatible for selected .NET version,Active,Potential,1,MyScoreBoardMaui/MyScoreBoardMaui.csproj,File,MyScoreBoardMaui/obj/Debug/net9.0-android/Microsoft.Maui.Controls.SourceGen/Microsoft.Maui.Controls.SourceGen.CodeBehindGenerator/MainPage.xaml.sg.cs,27,3,T:Microsoft.Maui.Controls.NameScopeExtensions,,,,,"blazorWebView = global::Microsoft.Maui.Controls.NameScopeExtensions.FindByName<global::Microsoft.AspNetCore.Components.WebView.Maui.BlazorWebView>(this, ""blazorWebView"");"
Api.0002,Source incompatible for selected .NET version,Active,Potential,1,MyScoreBoardMaui/MyScoreBoardMaui.csproj,File,MyScoreBoardMaui/obj/Debug/net9.0-android/Microsoft.Maui.Controls.SourceGen/Microsoft.Maui.Controls.SourceGen.CodeBehindGenerator/MainPage.xaml.sg.cs,27,3,"M:Microsoft.Maui.Controls.NameScopeExtensions.FindByName``1(Microsoft.Maui.Controls.Element,System.String)",,,,,"blazorWebView = global::Microsoft.Maui.Controls.NameScopeExtensions.FindByName<global::Microsoft.AspNetCore.Components.WebView.Maui.BlazorWebView>(this, ""blazorWebView"");"
Api.0002,Source incompatible for selected .NET version,Active,Potential,1,MyScoreBoardMaui/MyScoreBoardMaui.csproj,File,MyScoreBoardMaui/obj/Debug/net9.0-android/Microsoft.Maui.Controls.SourceGen/Microsoft.Maui.Controls.SourceGen.CodeBehindGenerator/MainPage.xaml.sg.cs,26,3,T:Microsoft.Maui.Controls.Xaml.Extensions,,,,,"global::Microsoft.Maui.Controls.Xaml.Extensions.LoadFromXaml(this, typeof(MainPage));"
Api.0002,Source incompatible for selected .NET version,Active,Potential,1,MyScoreBoardMaui/MyScoreBoardMaui.csproj,File,MyScoreBoardMaui/MainPage.xaml.cs,4,1,M:Microsoft.Maui.Controls.ContentPage.#ctor,,,,,public MainPage()  	{  		InitializeComponent();  	}
Api.0002,Source incompatible for selected .NET version,Active,Potential,1,MyScoreBoardMaui/MyScoreBoardMaui.csproj,File,MyScoreBoardMaui/MainPage.xaml.cs,4,1,M:Microsoft.Maui.Controls.ContentPage.#ctor,,,,,public MainPage()  	{  		InitializeComponent();  	}
Api.0002,Source incompatible for selected .NET version,Active,Potential,1,MyScoreBoardMaui/MyScoreBoardMaui.csproj,File,MyScoreBoardMaui/MainPage.xaml.cs,2,32,T:Microsoft.Maui.Controls.ContentPage,,,,,ContentPage
Api.0002,Source incompatible for selected .NET version,Active,Potential,1,MyScoreBoardMaui/MyScoreBoardMaui.csproj,File,MyScoreBoardMaui/obj/Debug/net9.0-android/Microsoft.Maui.Controls.SourceGen/Microsoft.Maui.Controls.SourceGen.CodeBehindGenerator/App.xaml.sg.cs,22,3,T:Microsoft.Maui.Controls.Xaml.Extensions,,,,,"global::Microsoft.Maui.Controls.Xaml.Extensions.LoadFromXaml(this, typeof(App));"
Api.0002,Source incompatible for selected .NET version,Active,Potential,1,MyScoreBoardMaui/MyScoreBoardMaui.csproj,File,MyScoreBoardMaui/App.xaml.cs,9,1,T:Microsoft.Maui.IActivationState,,,,,protected override Window CreateWindow(IActivationState? activationState)
Api.0002,Source incompatible for selected .NET version,Active,Potential,1,MyScoreBoardMaui/MyScoreBoardMaui.csproj,File,MyScoreBoardMaui/App.xaml.cs,9,1,T:Microsoft.Maui.Controls.Window,,,,,protected override Window CreateWindow(IActivationState? activationState)
Api.0002,Source incompatible for selected .NET version,Active,Potential,1,MyScoreBoardMaui/MyScoreBoardMaui.csproj,File,MyScoreBoardMaui/App.xaml.cs,11,2,P:Microsoft.Maui.Controls.Window.Title,,,,,"return new Window(new MainPage()) { Title = ""MyScoreBoardMaui"" };"
Api.0002,Source incompatible for selected .NET version,Active,Potential,1,MyScoreBoardMaui/MyScoreBoardMaui.csproj,File,MyScoreBoardMaui/App.xaml.cs,11,2,T:Microsoft.Maui.Controls.Window,,,,,"return new Window(new MainPage()) { Title = ""MyScoreBoardMaui"" };"
Api.0002,Source incompatible for selected .NET version,Active,Potential,1,MyScoreBoardMaui/MyScoreBoardMaui.csproj,File,MyScoreBoardMaui/App.xaml.cs,11,2,M:Microsoft.Maui.Controls.Window.#ctor(Microsoft.Maui.Controls.Page),,,,,"return new Window(new MainPage()) { Title = ""MyScoreBoardMaui"" };"
Api.0002,Source incompatible for selected .NET version,Active,Potential,1,MyScoreBoardMaui/MyScoreBoardMaui.csproj,File,MyScoreBoardMaui/App.xaml.cs,4,1,M:Microsoft.Maui.Controls.Application.#ctor,,,,,public App()  	{  		InitializeComponent();  	}
Api.0002,Source incompatible for selected .NET version,Active,Potential,1,MyScoreBoardMaui/MyScoreBoardMaui.csproj,File,MyScoreBoardMaui/App.xaml.cs,4,1,M:Microsoft.Maui.Controls.Application.#ctor,,,,,public App()  	{  		InitializeComponent();  	}
Api.0002,Source incompatible for selected .NET version,Active,Potential,1,MyScoreBoardMaui/MyScoreBoardMaui.csproj,File,MyScoreBoardMaui/App.xaml.cs,2,27,T:Microsoft.Maui.Controls.Application,,,,,Application
NuGet.0002,NuGet package upgrade is recommended,Active,Potential,1,MyScoreBoardShared/MyScoreBoardShared.csproj,File,MyScoreBoardShared/MyScoreBoardShared.csproj,,,Microsoft.AspNetCore.Components.Web 9.0.6,,,,,"Microsoft.AspNetCore.Components.Web, 9.0.6  Recommendation:  Remove Microsoft.AspNetCore.Components.Web, and replace with new package Microsoft.AspNetCore.Components.Web 10.0.1"
Project.0002,Project's target framework(s) needs to be changed,Active,Mandatory,1,MyScoreBoardShared/MyScoreBoardShared.csproj,File,MyScoreBoardShared/MyScoreBoardShared.csproj,,,,,,,,Current target framework: net9.0 Recommended target framework: net10.0
